{"stats":{"minecraft:killed":{"minecraft:slime":5},"minecraft:mined":{"minecraft:chest":1,"minecraft:light_gray_bed":1,"minecraft:sweet_berry_bush":2,"minecraft:cobblestone":5},"minecraft:custom":{"minecraft:open_barrel":3,"minecraft:time_since_rest":8915,"minecraft:open_chest":5,"minecraft:waystone_activated":1,"minecraft:crouch_one_cm":1068,"minecraft:play_time":8915,"minecraft:sprint_one_cm":17193,"minecraft:damage_taken":140,"minecraft:walk_one_cm":9906,"minecraft:sneak_time":255,"minecraft:mob_kills":5,"minecraft:jump":45,"minecraft:leave_game":1,"minecraft:time_since_death":8915,"minecraft:interact_with_smoker":1,"minecraft:climb_one_cm":3410,"minecraft:total_world_time":8915,"minecraft:fall_one_cm":1320,"minecraft:fly_one_cm":12402},"minecraft:picked_up":{"minecraft:bone":2,"minecraft:sweet_berries":4,"bunker_down:underroot_stage_1":2,"minecraft:wooden_pickaxe":1,"minecraft:poisonous_potato":1,"minecraft:potato":3,"minecraft:cobweb":2,"minecraft:chest":1,"minecraft:cobblestone":5},"minecraft:used":{"zombie_extreme:fireaxe":1,"waystones:sandy_waystone":1,"minecraft:cobblestone":1,"cgm:pistol":12,"minecraft:chest":1,"minecraft:wooden_pickaxe":5,"zombie_extreme:bandage":2}},"DataVersion":3120}