{"stats":{"minecraft:killed_by":{"minecraft:creeper":1},"minecraft:dropped":{"bunker_down:steel_vent":2,"minecraft:wheat_seeds":1,"minecraft:warped_roots":1,"zombie_extreme:military_suit_chestplate":1,"minecraft:dirt":1,"graveyard:small_light_gray_urn":2,"minecraft:potion":2,"toughasnails:purified_water_canteen":2,"minecraft:iron_bars":2,"minecraft:blue_orchid":1,"zombie_extreme:gas_mask_helmet":1},"minecraft:custom":{"minecraft:mob_kills":2,"minecraft:interact_with_crafting_table":7,"minecraft:open_barrel":14,"minecraft:time_since_death":1194,"minecraft:sleep_in_bed":1,"minecraft:climb_one_cm":7446,"minecraft:time_since_rest":518,"minecraft:waystone_activated":1,"minecraft:sprint_one_cm":32292,"minecraft:damage_taken":180,"minecraft:walk_one_cm":30266,"minecraft:drop":14,"minecraft:fly_one_cm":32888,"minecraft:open_chest":7,"minecraft:crouch_one_cm":4084,"tombstone:undead_killed":1,"minecraft:play_time":17642,"minecraft:deaths":1,"minecraft:sneak_time":1676,"minecraft:walk_under_water_one_cm":1198,"minecraft:jump":124,"minecraft:walk_on_water_one_cm":2342,"minecraft:total_world_time":17642,"minecraft:fall_one_cm":1463},"minecraft:mined":{"minecraft:brown_concrete":1,"graveyard:small_light_gray_urn":2,"minecraft:crafting_table":1,"minecraft:cornflower":1,"minecraft:torch":2,"minecraft:cobbled_deepslate_slab":1,"minecraft:warped_roots":1,"minecraft:light_gray_bed":2,"minecraft:cobblestone":3,"minecraft:spruce_leaves":1,"minecraft:wall_torch":1,"graveyard:vase_block":2,"minecraft:carrots":2,"minecraft:iron_ore":4,"minecraft:acacia_wood":17,"bunker_down:steel_vent":2,"minecraft:potatoes":5,"minecraft:iron_bars":1,"minecraft:dirt":1,"minecraft:stone":4,"bunker_down:ceiling_lamp":1,"minecraft:fern":1},"minecraft:picked_up":{"bunker_down:ceiling_lamp":1,"minecraft:fishing_rod":1,"minecraft:crafting_table":1,"minecraft:golden_carrot":2,"bunker_down:steel_vent":2,"minecraft:acacia_wood":17,"minecraft:potato":3,"minecraft:potion":2,"graveyard:small_light_gray_urn":2,"minecraft:gunpowder":19,"minecraft:dirt":1,"tombstone:gift":1,"minecraft:leather_boots":1,"minecraft:blue_orchid":1,"minecraft:wheat_seeds":1,"minecraft:raw_gold":5,"minecraft:cobbled_deepslate_slab":1,"minecraft:cobweb":9,"minecraft:moss_block":1,"zombie_extreme:military_suit_chestplate":1,"minecraft:raw_iron":4,"toughasnails:purified_water_canteen":2,"minecraft:copper_ingot":2,"minecraft:torch":3,"minecraft:amethyst_shard":8,"tombstone:grave_dust":1,"zombie_extreme:gas_mask_helmet":1,"minecraft:carrot":5,"minecraft:leather_helmet":1,"minecraft:white_candle":2,"minecraft:light_gray_bed":2,"minecraft:rotten_flesh":5,"minecraft:warped_roots":1,"minecraft:iron_bars":4,"minecraft:cobblestone":7},"minecraft:crafted":{"minecraft:bone_block":1,"minecraft:stone_axe":1,"minecraft:stick":16,"minecraft:stone_pickaxe":1,"minecraft:acacia_planks":8,"minecraft:torch":12},"minecraft:killed":{"zombie_extreme:crawler":1,"undead_revamp2:thesmoker":1},"minecraft:used":{"cgm:pistol":8,"minecraft:stone_pickaxe":10,"minecraft:bone_block":1,"zombie_extreme:kitchen_knife":1,"minecraft:torch":4,"minecraft:crafting_table":1,"bunker_down:brittle_pickaxe":13,"minecraft:carrot":4,"waystones:waystone":1,"minecraft:stone_axe":16,"minecraft:cobblestone":1,"minecraft:cobbled_deepslate_slab":1,"tombstone:gift":2,"minecraft:acacia_wood":3,"minecraft:light_gray_bed":1}},"DataVersion":3120}