{"stats":{"minecraft:dropped":{"minecraft:potion":2,"toughasnails:purified_water_canteen":2,"zombie_extreme:gas_mask_helmet":1,"zombie_extreme:military_suit_chestplate":1},"minecraft:custom":{"minecraft:time_since_rest":5642,"minecraft:open_chest":1,"minecraft:waystone_activated":1,"minecraft:crouch_one_cm":338,"minecraft:play_time":5642,"minecraft:sprint_one_cm":5144,"minecraft:walk_one_cm":9068,"minecraft:sneak_time":349,"minecraft:drop":6,"minecraft:jump":29,"minecraft:time_since_death":5642,"minecraft:total_world_time":5642,"minecraft:climb_one_cm":4008,"minecraft:fall_one_cm":209,"minecraft:fly_one_cm":6718,"minecraft:open_barrel":2},"minecraft:mined":{"minecraft:light_gray_bed":1,"minecraft:cobblestone":3},"minecraft:picked_up":{"toughasnails:purified_water_canteen":2,"minecraft:light_gray_bed":1,"minecraft:blue_orchid":1,"minecraft:potion":2,"zombie_extreme:gas_mask_helmet":1,"zombie_extreme:military_suit_chestplate":1,"minecraft:cobblestone":3},"minecraft:used":{"waystones:waystone":1,"minecraft:cobblestone":1,"bunker_down:brittle_pickaxe":3}},"DataVersion":3120}